{
  "p50_ms": 2.0008960273116827,
  "p95_ms": 2.8564543405082077,
  "p99_ms": 3.938949477742426,
  "transitions": 250
}
