{
  "claims_per_second": 7901.628417523397,
  "seconds": 0.6327809580252506,
  "tasks": 5000
}
